County_FIPS,Customers
1001,24619
1003,195253
1005,12400
1007,11037
1009,27074
1011,8727
1013,12325
1015,62182
1017,12749
1019,24534
1021,19414
1023,7230
1025,21629
1027,5554
1029,6993
1031,31347
1033,33811
1035,5906
1037,4170
1039,30321
1041,8129
1043,59296
1045,25013
1047,19358
1049,42548
1051,38649
1053,18593
1055,54206
1057,7831
1059,21671
1061,11742
1063,4217
1065,7916
1067,8040
1069,72388
1071,29336
1073,372757
1075,6221
1077,49361
1079,13082
1081,63579
1083,52376
1085,5496
1087,15032
1089,198793
1091,11446
1093,14058
1095,52022
1097,110135
1099,10522
1101,137566
1103,69963
1105,4481
1107,8654
1109,27989
1111,8122
1113,21728
1115,41320
1117,111917
1119,6825
1121,39215
1123,22039
1125,126125
1127,32987
1129,7878
1131,5917
1133,13268
2016,1009
2020,110430
2050,4200
2068,1014
2070,1179
2090,44163
2100,1700
2105,84
2110,17533
2122,43315
2130,7867
2150,7646
2158,1944
2170,59763
2180,3255
2185,3405
2188,2237
2195,2196
2198,2954
2220,5590
2230,1042
2240,2069
2261,5469
2275,2083
2282,171
2290,3197
4001,29549
4003,80227
4005,138090
4007,29489
4009,7828
4011,2735
4012,8403
4013,1742493
4015,149928
4017,84388
4019,492744
4021,92098
4023,1340
4025,246408
4027,109100
5001,9409
5003,9203
5005,28471
5007,123593
5009,18659
5011,5463
5013,3555
5015,17602
5017,4703
5019,11935
5021,6466
5023,17946
5025,3401
5027,11454
5029,12567
5031,75696
5033,36251
5035,25574
5037,7940
5039,3246
5041,5462
5043,9073
5045,63679
5047,10611
5049,7300
5051,49734
5053,8732
5055,31433
5057,11330
5059,15029
5061,6087
5063,19306
5065,8572
5067,8374
5069,33927
5071,18727
5073,2776
5075,7466
5077,4519
5079,5681
5081,3623
5083,11952
5085,46850
5087,13452
5089,8270
5091,15516
5093,17931
5095,3733
5097,4130
5099,4020
5101,3813
5103,13315
5105,6378
5107,9727
5109,5133
5111,10154
5113,11572
5115,32152
5117,3917
5119,247287
5121,8928
5123,12694
5125,49735
5127,4965
5129,7013
5131,77727
5133,5699
5135,10758
5137,6629
5139,19892
5141,15567
5143,149990
5145,40502
5147,3495
5149,9728
6001,751616
6003,882
6005,17050
6007,90543
6009,18417
6011,9970
6013,486945
6015,16195
6017,95672
6019,458084
6021,12233
6023,59962
6025,72691
6027,7201
6029,395015
6031,62998
6033,28397
6035,15440
6037,3762600
6039,68503
6041,113044
6043,7262
6045,39041
6047,56077
6049,6598
6051,5551
6053,195575
6055,63828
6057,52251
6059,1255530
6061,187525
6063,9230
6065,853923
6067,625566
6069,26703
6071,840555
6073,1362929
6075,209753
6077,324543
6079,125727
6081,328408
6083,192080
6085,844715
6087,118299
6089,81282
6091,2072
6093,26605
6095,187690
6097,214127
6099,219156
6101,42323
6103,28134
6107,186939
6109,23610
6111,317658
6113,101509
6115,35933
8001,243036
8003,9288
8005,323113
8007,8482
8009,1050
8011,3294
8013,166613
8014,36182
8015,12341
8017,1412
8019,3877
8021,3793
8023,2089
8025,2408
8027,2930
8029,11874
8031,398898
8033,1373
8035,157251
8037,43429
8039,10107
8041,361678
8043,19018
8045,34904
8047,2626
8049,19092
8051,14729
8053,773
8055,1566
8057,1554
8059,278207
8061,1342
8063,3818
8065,3471
8067,36986
8069,154680
8071,776
8073,3630
8075,6707
8077,78542
8079,793
8081,9049
8083,14154
8085,24974
8087,14501
8089,4206
8091,4326
8093,6016
8095,428
8097,12768
8099,3495
8101,52226
8103,5566
8105,7555
8107,18528
8109,3260
8111,549
8113,7283
8115,801
8117,16131
8119,9307
8121,4309
8123,122323
8125,5292
9001,310526
9003,572922
9005,102535
9007,94735
9009,383498
9011,78303
9013,80653
9015,66275
10001,98370
10003,191056
10005,218986
11001,325122
12001,218548
12003,15917
12005,88692
12007,17679
12009,338129
12011,1298256
12013,9002
12015,129889
12017,81282
12019,81941
12021,288895
12023,38562
12027,21129
12029,14193
12031,483034
12033,180891
12035,58764
12037,4460
12039,36014
12041,12803
12043,6357
12045,9722
12047,8888
12049,11796
12051,23912
12053,108453
12055,39050
12057,998906
12059,12700
12061,62070
12063,29415
12065,7283
12067,4645
12069,199372
12071,628635
12073,196858
12075,27816
12077,4459
12079,9415
12081,266408
12083,217647
12085,111120
12086,951391
12087,103906
12089,52493
12091,131235
12093,18223
12095,402618
12097,179849
12099,539728
12101,279260
12103,361147
12105,313954
12107,51839
12109,116593
12111,222165
12113,96907
12115,310646
12117,201776
12119,102391
12121,27985
12123,12056
12125,11357
12127,198922
12129,14148
12131,71399
12133,17062
13001,9991
13003,4283
13005,6119
13007,1190
13009,21849
13011,11560
13013,61060
13015,32190
13017,14643
13019,8532
13021,81732
13023,5492
13025,8007
13027,7555
13029,26792
13031,39331
13033,16403
13035,14787
13037,1709
13039,24470
13043,4883
13045,70666
13047,34782
13049,5213
13051,143708
13053,7621
13055,12575
13057,178437
13059,78630
13061,1158
13063,140866
13065,4096
13067,322249
13069,27859
13071,26516
13073,66977
13075,9902
13077,62382
13079,7075
13081,9518
13083,7648
13085,18801
13087,15925
13089,182341
13091,7951
13093,6093
13095,60664
13097,97948
13099,6214
13101,2019
13103,27148
13105,14785
13107,12876
13109,4456
13111,22160
13113,88729
13115,47505
13117,134644
13119,18696
13121,383737
13123,17004
13125,1689
13127,40392
13129,31723
13131,15452
13133,12117
13135,224403
13137,34189
13139,97219
13141,4461
13143,16395
13145,11153
13147,18626
13149,5960
13151,137362
13153,118038
13155,5703
13157,63033
13159,9408
13161,8107
13163,8747
13165,4479
13167,4550
13169,11169
13171,12486
13173,5311
13175,24434
13177,16591
13179,32090
13181,4071
13183,5091
13185,70771
13187,19256
13189,10984
13191,7007
13193,5404
13195,20879
13197,3995
13199,9739
13201,3209
13205,12078
13207,18899
13209,4636
13211,16571
13213,21085
13215,88804
13217,49305
13219,36796
13221,8000
13223,111785
13225,18688
13227,17031
13229,10427
13231,10373
13233,19098
13235,5122
13237,10183
13239,888
13241,10115
13243,2312
13245,117219
13247,56753
13249,2185
13251,9974
13253,5243
13255,32004
13257,16529
13259,1952
13261,13979
13263,2895
13265,900
13267,7806
13269,4224
13271,8161
13273,3865
13275,36396
13277,24544
13279,17512
13281,13058
13283,3505
13285,31848
13287,4828
13289,3412
13291,25706
13293,20124
13295,39350
13297,63040
13299,21266
13301,2705
13303,10974
13305,16057
13307,988
13309,5211
13311,19687
13313,71130
13315,4661
13317,7535
13319,4059
13321,8795
15001,87747
15003,308098
15005,37
15007,34835
15009,73551
16001,256537
16003,2117
16005,43884
16007,5253
16009,4666
16011,19837
16013,11965
16015,3491
16017,27216
16019,79451
16021,4261
16023,81
16025,469
16027,112896
16029,3639
16031,14726
16033,685
16035,3978
16037,2468
16039,13404
16041,11748
16043,1866
16045,8691
16047,7548
16049,9920
16051,8995
16053,11738
16055,103287
16057,17870
16059,3727
16061,1808
16063,2360
16065,8877
16067,11696
16069,19938
16071,3921
16073,5501
16075,11846
16077,3842
16079,8461
16081,1775
16083,46267
16085,5992
16087,2900
17001,31760
17003,2842
17005,5736
17007,20979
17009,3007
17011,18642
17013,1865
17015,7336
17017,6087
17019,90035
17021,13660
17023,7829
17025,9085
17027,12465
17029,24455
17031,2162007
17033,10220
17035,4929
17037,79682
17039,6665
17041,8333
17043,313751
17045,8690
17047,4061
17049,14830
17051,7295
17053,5462
17055,19260
17057,12940
17059,2453
17061,5200
17063,43433
17065,4619
17067,9010
17069,1910
17071,3381
17073,40978
17075,10038
17077,26616
17079,4528
17081,22670
17083,7718
17085,3617
17087,6500
17089,127850
17091,85550
17093,92751
17095,25998
17097,581008
17099,63017
17101,7796
17103,25665
17105,25191
17107,10899
17109,12745
17111,120381
17113,81860
17115,45051
17117,15453
17119,107855
17121,15234
17123,7906
17125,4847
17127,8175
17129,4167
17131,8972
17133,15588
17135,10344
17137,16522
17139,6492
17141,42029
17143,137518
17145,11975
17147,6148
17149,6793
17151,1842
17153,3212
17155,2501
17157,14970
17159,9109
17161,83685
17163,94355
17165,12967
17167,138475
17169,2847
17171,2163
17173,5708
17175,3173
17177,12248
17179,80878
17181,10277
17183,46373
17185,9760
17187,8244
17189,7318
17191,10404
17193,8994
17195,44026
17197,299468
17199,35624
17201,120789
17203,24080
18001,12012
18003,156661
18005,32212
18007,4132
18009,7872
18011,40708
18013,7184
18015,9746
18017,24298
18019,57051
18021,13163
18023,19855
18025,4537
18027,19859
18029,19563
18031,12884
18033,30185
18035,81395
18037,31718
18039,70799
18041,8302
18043,33246
18045,5608
18047,8579
18049,9014
18051,14941
18053,47771
18055,18602
18057,159187
18059,40256
18061,14809
18063,75181
18065,18806
18067,41367
18069,13799
18071,23340
18073,19212
18075,9495
18077,15913
18079,13393
18081,57420
18083,15843
18085,40395
18087,12796
18089,252565
18091,58242
18093,21226
18095,76324
18097,493304
18099,20986
18101,5044
18103,21325
18105,75424
18107,22711
18109,31873
18111,6445
18113,24979
18115,2860
18117,12173
18119,13310
18121,7700
18123,10469
18125,4655
18127,84000
18129,11687
18131,6086
18133,17139
18135,11481
18137,16107
18139,7695
18141,94899
18143,12851
18145,18909
18147,9969
18149,10009
18151,17431
18153,7823
18155,4722
18157,71067
18159,6604
18161,2229
18163,106036
18165,6886
18167,51609
18169,11095
18171,3591
18173,15215
18175,12348
18177,40311
18179,17366
18181,12759
18183,30564
19001,3686
19003,1844
19005,6750
19007,6572
19009,2511
19011,13498
19013,57533
19015,10670
19017,16028
19019,12254
19021,11607
19023,4791
19025,4092
19027,8666
19029,10329
19031,8986
19033,29435
19035,5968
19037,6991
19039,4290
19041,13668
19043,10421
19045,21505
19047,9213
19049,58451
19051,4718
19053,3356
19055,7035
19057,18207
19059,6731
19061,46546
19063,5934
19065,8712
19067,7886
19069,4637
19071,4285
19073,3417
19075,5507
19077,5390
19079,9205
19081,5489
19083,6885
19085,7620
19087,11923
19089,4177
19091,3507
19093,3231
19095,6965
19097,10302
19099,15566
19101,6879
19103,77769
19105,8507
19107,4684
19109,7698
19111,15486
19113,118247
19115,4554
19117,4225
19119,5090
19121,9366
19123,8162
19125,19876
19127,15945
19129,7270
19131,6347
19133,7388
19135,4056
19137,5724
19139,30353
19141,5030
19143,3588
19145,9035
19147,4166
19149,8581
19151,3159
19153,287095
19155,51132
19157,6708
19159,2511
19161,3895
19163,67611
19165,7164
19167,16993
19169,63396
19171,8169
19173,2951
19175,6645
19177,3146
19179,21960
19181,23806
19183,9700
19185,2947
19187,20411
19189,7213
19191,9369
19193,25626
19195,2289
19197,5538
20001,13025
20003,6426
20005,8677
20007,1429
20009,14147
20011,12147
20013,5077
20015,40152
20017,699
20019,637
20021,2982
20023,2177
20025,688
20027,5867
20029,3413
20031,7173
20033,583
20035,21126
20037,34108
20039,2329
20041,4008
20043,3810
20045,68914
20047,2025
20049,1533
20051,17869
20053,1473
20055,33836
20057,20786
20059,20702
20061,8978
20063,1234
20065,1587
20067,3640
20069,4121
20071,1338
20073,4461
20075,2192
20077,2876
20079,6745
20081,1450
20083,965
20085,6676
20087,10486
20089,1642
20091,296663
20093,3185
20095,4799
20097,1086
20099,11654
20101,745
20103,40824
20105,848
20107,7723
20109,2091
20111,9811
20113,22878
20115,7056
20117,4214
20119,1376
20121,20608
20123,5576
20125,23498
20127,1258
20129,1066
20131,7024
20133,13984
20135,1309
20137,4238
20139,10783
20141,1752
20143,1406
20145,5884
20147,3109
20149,9791
20151,8329
20153,2008
20155,35754
20157,2731
20159,2664
20161,18190
20163,2677
20165,1399
20167,5948
20169,14835
20171,3961
20173,255977
20175,8330
20177,101321
20179,1648
20181,5649
20183,2010
20185,1665
20187,1004
20189,3339
20191,8773
20193,7359
20195,1597
20197,1633
20199,1427
20201,2452
20203,2012
20205,7232
20207,1911
20209,34391
21001,10660
21003,11953
21005,11516
21007,4230
21009,24665
21011,6489
21013,12248
21015,74771
21017,7414
21019,27789
21021,16810
21023,3833
21025,7915
21027,13773
21029,40366
21031,6824
21033,5933
21035,25554
21037,38975
21039,2244
21041,6325
21043,12835
21045,8794
21047,36367
21049,18710
21051,11735
21053,6743
21055,4136
21057,3483
21059,52705
21061,6505
21063,4390
21065,7224
21067,170657
21069,7871
21071,20057
21073,25840
21075,4089
21077,4358
21079,8676
21081,10264
21083,19692
21085,14255
21087,6326
21089,18179
21091,5170
21093,61032
21095,13700
21097,9604
21099,10882
21101,21493
21103,7357
21105,2285
21107,20238
21109,7104
21111,390033
21113,28534
21115,12834
21117,74546
21119,7061
21121,15272
21123,7475
21125,35907
21127,8553
21129,3961
21131,5295
21133,11069
21135,5886
21137,12841
21139,5667
21141,14637
21143,4392
21145,36761
21147,10586
21149,4361
21151,48463
21153,6548
21155,10962
21157,18536
21159,6097
21161,9434
21163,18076
21165,3601
21167,11645
21169,6226
21171,6991
21173,15495
21175,8162
21177,14901
21179,22386
21181,3502
21183,12868
21185,27365
21187,5563
21189,2420
21191,6272
21193,16228
21195,31507
21197,8244
21199,42258
21201,1161
21203,8013
21205,15098
21207,11596
21209,29867
21211,23928
21213,11898
21215,8434
21217,16754
21219,5306
21221,6398
21223,4257
21225,6794
21227,67855
21229,5512
21231,13422
21233,5270
21235,18361
21237,4146
21239,12322
22001,28983
22003,18160
22005,51706
22007,6738
22009,23447
22011,26155
22013,5075
22015,94184
22017,145518
22019,49912
22021,4046
22023,2695
22025,3902
22027,4896
22029,8638
22031,23052
22033,214590
22035,3227
22037,7347
22039,22432
22041,8528
22043,14064
22045,56791
22047,11710
22049,4755
22051,230746
22053,11412
22055,137688
22057,35705
22059,6475
22061,26566
22063,56101
22065,4477
22067,11166
22069,32940
22071,212936
22073,61793
22075,14010
22077,7258
22079,110551
22081,5806
22083,8935
22085,17148
22087,23169
22089,30265
22091,4162
22093,11499
22095,22092
22097,47280
22099,18207
22101,27709
22103,164188
22105,54543
22107,1600
22109,40577
22111,7091
22113,25435
22115,39210
22117,18396
22119,18880
22121,10596
22123,4278
22125,6923
22127,8389
23001,77643
23003,42053
23005,227401
23007,20532
23009,31079
23011,87760
23013,15343
23015,23436
23017,38205
23019,88128
23021,10203
23023,24839
23025,19524
23027,22684
23029,15144
23031,76996
24001,32504
24003,253751
24005,370224
24009,39458
24011,17587
24013,71073
24015,57202
24017,73494
24019,18093
24021,132173
24023,13588
24025,112536
24027,146094
24029,10903
24031,395748
24033,349773
24035,26465
24037,55898
24039,14318
24041,29180
24043,65276
24045,61546
24047,31542
24510,277924
25001,118437
25003,99023
25005,284254
25007,20864
25009,216314
25011,57949
25013,196656
25015,101974
25017,434426
25019,680
25021,326357
25023,281672
25025,947211
25027,212617
26001,6050
26003,4553
26005,86725
26007,18236
26009,15641
26011,9864
26013,4824
26015,41952
26017,66162
26019,9545
26021,12805
26023,30687
26025,92794
26027,3423
26029,19983
26031,16118
26033,32743
26035,18061
26037,34028
26039,8218
26041,24519
26043,12110
26045,50376
26047,28796
26049,270247
26051,15201
26053,7394
26055,60521
26057,21004
26059,30914
26061,27579
26063,10545
26065,187698
26067,35242
26069,14310
26071,5890
26073,36507
26075,101260
26077,96417
26079,10279
26081,416077
26083,1356
26085,9226
26087,38363
26089,12357
26091,34336
26093,88113
26095,4746
26097,8757
26099,404553
26101,15177
26103,45262
26105,18909
26107,20608
26109,12072
26111,57350
26113,9559
26115,47260
26117,33946
26119,6073
26121,103718
26123,32058
26125,646293
26127,17738
26129,11681
26131,4246
26133,18272
26135,5044
26137,19174
26139,120140
26141,8198
26143,13780
26145,132604
26147,71469
26149,19440
26151,12899
26153,5611
26155,41361
26157,16639
26159,18916
26161,195553
26163,441528
26165,21518
27001,11677
27003,159251
27005,24622
27007,29065
27009,19602
27011,1766
27013,34191
27015,12921
27017,22459
27019,43054
27021,23771
27023,5934
27025,23550
27027,26598
27029,5121
27031,4280
27033,5353
27035,48618
27037,193827
27039,6199
27041,23496
27043,5867
27045,6865
27047,16219
27049,13457
27051,3371
27053,624985
27055,6647
27057,16671
27059,20627
27061,22613
27063,5169
27065,7031
27067,20235
27069,2662
27071,9083
27073,1882
27075,5952
27077,2644
27079,11683
27081,2548
27083,12443
27085,16570
27087,4068
27089,3652
27091,10513
27093,9659
27095,16515
27097,19525
27099,17846
27101,5226
27103,15048
27105,9001
27107,1952
27109,76519
27111,43936
27113,7940
27115,16386
27117,4666
27119,19237
27121,5930
27123,257190
27125,2280
27127,7964
27129,6578
27131,29247
27133,4958
27135,7663
27137,127172
27139,61831
27141,41598
27143,6912
27145,79310
27147,17365
27149,6634
27151,5384
27153,13003
27155,2357
27157,10731
27159,8800
27161,7916
27163,109959
27165,4294
27167,3109
27169,21651
27171,63435
27173,2324
28001,17358
28003,19940
28005,6825
28007,9398
28009,3973
28011,14482
28013,7468
28015,4105
28017,11632
28019,3216
28021,5967
28023,7062
28025,9476
28027,12025
28029,17728
28031,9565
28033,95122
28035,44433
28037,4359
28039,9353
28041,5264
28043,11017
28045,24430
28047,109081
28049,122216
28051,6634
28053,3331
28055,641
28057,10400
28059,57806
28061,9808
28063,4028
28065,5468
28067,46108
28069,4913
28071,36780
28073,31120
28075,30152
28077,6452
28079,13509
28081,50449
28083,20294
28085,20482
28087,33297
28089,32775
28091,11625
28093,19527
28095,18680
28097,4275
28099,24825
28101,12693
28103,4707
28105,33356
28107,20337
28109,28954
28111,4806
28113,23013
28115,18046
28117,13420
28119,1880
28121,84285
28123,17935
28125,2219
28127,15818
28129,7211
28131,7460
28133,11919
28135,5372
28137,16303
28139,15158
28141,12179
28143,3630
28145,7351
28147,6910
28149,22742
28151,25115
28153,10874
28155,5545
28157,4817
28159,13238
28161,7274
28163,10785
29001,12158
29003,3774
29005,2620
29007,11963
29009,15070
29011,4120
29013,4227
29015,6716
29017,5897
29019,121913
29021,22707
29023,33933
29025,3643
29027,28884
29029,19007
29031,34407
29033,2981
29035,3796
29037,32470
29039,8461
29041,2603
29043,22569
29045,4000
29047,96031
29049,9383
29051,39963
29053,7941
29055,7305
29057,2505
29059,5897
29061,2908
29063,4865
29065,4781
29067,5733
29069,19180
29071,46672
29073,6636
29075,1088
29077,164114
29079,7058
29081,4010
29083,6221
29085,2972
29087,1600
29089,4125
29091,23483
29093,5709
29095,202364
29097,14537
29099,108266
29101,19137
29103,2220
29105,21648
29107,10521
29109,9841
29111,6054
29113,24425
29115,4038
29117,8648
29119,177579
29121,8853
29123,8568
29125,3269
29127,13104
29129,1937
29131,12538
29133,5838
29135,7207
29137,3068
29139,5285
29141,10004
29143,9169
29145,12246
29147,5492
29149,4069
29151,5974
29153,4000
29155,7582
29157,11694
29159,14790
29161,22129
29163,8194
29165,38960
29167,11719
29169,26191
29171,1238
29173,5206
29175,11253
29177,8116
29179,4024
29181,7306
29183,181803
29185,3837
29186,10464
29187,32639
29189,594469
29195,12349
29197,1531
29199,1563
29201,24731
29203,3195
29205,2485
29207,17220
29209,5816
29211,1796
29213,29207
29215,8217
29217,5584
29219,14348
29221,10163
29223,7134
29225,12849
29227,418
29229,7683
29510,106898
30001,3612
30003,6865
30005,2740
30007,1412
30009,6512
30011,508
30013,39166
30015,1959
30017,6942
30019,429
30021,7435
30023,6663
30025,2280
30027,5384
30029,65575
30031,96603
30033,1613
30035,12671
30037,316
30039,2293
30041,7876
30043,5322
30045,1006
30047,24041
30049,32887
30051,804
30053,12721
30055,2179
30057,6199
30059,513
30061,2455
30063,57348
30065,2362
30067,8763
30069,265
30071,1992
30073,2031
30075,583
30077,4506
30079,758
30081,25043
30083,9805
30085,7252
30087,4647
30089,7314
30091,1766
30093,24074
30095,5383
30097,1993
30099,2050
30101,3546
30103,548
30105,3912
30107,705
30109,675
30111,77606
31001,20998
31003,3462
31005,166
31007,622
31009,357
31011,2481
31013,8277
31015,1340
31017,3604
31019,35218
31021,3574
31023,6787
31025,12382
31027,5363
31029,2452
31031,4043
31033,9606
31035,4226
31037,6814
31039,5459
31041,10246
31043,17046
31045,5555
31047,12044
31049,1065
31051,1074
31053,26026
31055,261904
31057,1046
31059,3217
31061,852
31063,1500
31065,3205
31067,8494
31069,1392
31071,1798
31073,804
31075,251
31077,1325
31079,38623
31081,4863
31083,2690
31085,1082
31087,3392
31089,8581
31091,653
31093,4588
31095,3690
31097,2243
31099,3115
31101,7643
31103,686
31105,2487
31107,7968
31109,165006
31111,23525
31113,489
31115,435
31117,213
31119,21864
31121,3869
31123,3740
31125,1437
31127,2736
31129,2710
31131,9649
31133,1271
31135,1727
31137,6119
31139,3197
31141,16729
31143,4253
31145,8983
31147,5162
31149,1374
31151,4407
31153,77047
31155,10400
31157,21716
31159,5805
31161,3062
31163,2413
31165,143
31167,3812
31169,1346
31171,580
31173,3240
31175,3574
31177,8327
31179,4484
31181,2418
31183,514
31185,10586
32001,12212
32003,1008802
32005,24125
32007,7290
32009,334
32011,1938
32013,9456
32015,2984
32019,28135
32021,2219
32023,26896
32027,2671
32029,6273
32031,244311
32033,5695
32510,30607
33001,32434
33003,26009
33005,36014
33007,24038
33009,49895
33011,196402
33013,115899
33015,154048
33017,89738
33019,20079
34001,167221
34003,418357
34005,208513
34007,243254
34009,56097
34011,82843
34013,386888
34015,162737
34017,299572
34019,66967
34021,193667
34023,406721
34025,345701
34027,112181
34029,327289
34031,119763
34033,36572
34035,172530
34037,47606
34039,259708
34041,55613
35001,364403
35003,2458
35005,46338
35006,5721
35007,5878
35009,33327
35011,405
35013,101930
35015,28539
35017,15355
35019,1548
35021,213
35023,2651
35025,46964
35027,8967
35028,11401
35029,16018
35031,18739
35033,2065
35035,18452
35037,4683
35039,7029
35041,14808
35043,60725
35045,60294
35047,11786
35049,78870
35051,2974
35053,9451
35055,28790
35057,6851
35059,418
35061,35686
36001,185574
36003,27503
36005,479084
36007,113772
36009,24980
36011,40433
36013,49280
36015,45622
36017,25004
36019,44965
36021,30817
36023,23943
36025,23975
36027,150017
36029,521085
36031,23389
36033,23669
36035,26643
36037,29240
36039,23513
36041,2561
36043,27865
36045,62240
36047,915206
36049,12631
36051,33457
36053,34017
36055,302455
36057,24995
36059,427483
36061,873185
36063,106178
36065,120802
36067,134654
36069,75985
36071,176531
36073,20376
36075,57759
36077,31300
36079,47493
36081,847158
36083,80326
36085,166680
36087,133071
36089,57536
36091,117711
36093,78627
36095,14522
36097,4852
36099,17541
36101,27662
36103,657677
36105,40509
36107,24210
36109,63720
36111,89470
36113,36391
36115,29152
36117,55917
36119,368730
36121,21392
36123,12531
37001,925
37003,6903
37005,7617
37007,6334
37009,17506
37011,18986
37013,19720
37015,10165
37017,11706
37019,82037
37021,32499
37023,19746
37025,36290
37027,43296
37029,6187
37031,39432
37033,1905
37035,8165
37037,3797
37039,16160
37041,12047
37043,9637
37045,18853
37047,22736
37049,35033
37051,93841
37053,17795
37055,23623
37057,37592
37059,8950
37061,9258
37063,6008
37065,19560
37067,27915
37069,27296
37071,47215
37073,5460
37077,6395
37079,5487
37081,41756
37083,28826
37085,22060
37089,24
37091,14012
37093,12912
37095,700
37097,35197
37101,13828
37103,2265
37105,13067
37107,15148
37109,25563
37111,12442
37115,2231
37117,13275
37119,28172
37121,1696
37123,5038
37125,5708
37127,26243
37129,2544
37131,6048
37133,77669
37135,19163
37137,1811
37139,34122
37141,14750
37143,7907
37145,5498
37147,80606
37149,5215
37151,31255
37153,12592
37155,60455
37157,9416
37159,16951
37161,7084
37163,19420
37165,10518
37167,26968
37169,6242
37171,10853
37177,1979
37179,65408
37181,863
37183,46622
37185,3813
37187,4062
37189,18248
37191,18042
37193,8042
37195,35644
37197,5364
37199,2023
38001,1902
38003,7694
38005,2086
38007,622
38009,5131
38011,2623
38013,1180
38015,57076
38017,124603
38019,928
38021,2595
38023,893
38025,4300
38027,814
38029,3111
38031,1325
38033,1324
38035,39992
38037,1221
38039,786
38041,1966
38043,1472
38045,2058
38047,1244
38049,3351
38051,2180
38053,14655
38055,7334
38057,6015
38059,19085
38061,4771
38063,1239
38065,1231
38067,2474
38069,1560
38071,4176
38073,2772
38075,1606
38077,5021
38079,7336
38081,1900
38083,641
38085,2559
38087,467
38089,23614
38091,557
38093,8427
38095,755
38097,4104
38099,3713
38101,51522
38103,1448
38105,15516
39001,16880
39003,32124
39005,33664
39007,72318
39009,44829
39011,19905
39013,44590
39015,20209
39017,127599
39019,19182
39021,14989
39023,83871
39025,91802
39027,22649
39029,63181
39031,20361
39033,28875
39035,602248
39037,16124
39039,13228
39041,64488
39043,50780
39045,86733
39047,14964
39049,362081
39051,10239
39053,18457
39055,65221
39057,92645
39059,27110
39061,437530
39063,38464
39065,18254
39067,9190
39069,12422
39071,27822
39073,17905
39075,30291
39077,37091
39079,21501
39081,44919
39083,41371
39085,80577
39087,37176
39089,117187
39091,19532
39093,106179
39095,215018
39097,26880
39099,150783
39101,40643
39103,50150
39105,13485
39107,18878
39109,43362
39111,8974
39113,295834
39115,8383
39117,24221
39119,62329
39121,10204
39123,21110
39125,7079
39127,22023
39129,35905
39131,10100
39133,92468
39135,20004
39137,8912
39139,84801
39141,52738
39143,35768
39145,50476
39147,35754
39149,12431
39151,251263
39153,127123
39155,76066
39157,54074
39159,30359
39161,8328
39163,7721
39165,115421
39167,42825
39169,81074
39171,16123
39173,71069
39175,14215
40001,20802
40003,3414
40005,7913
40007,4214
40009,12818
40011,4266
40013,29723
40015,13540
40017,84800
40019,29805
40021,27388
40023,9444
40025,955
40027,151488
40029,3441
40031,57333
40033,2361
40035,4771
40037,42957
40039,15341
40041,23694
40043,2623
40045,2488
40047,36837
40049,21000
40051,24938
40053,2353
40055,3967
40057,1471
40059,2061
40061,7700
40063,7178
40065,18518
40067,2420
40069,7045
40071,37106
40073,6608
40075,4175
40077,5639
40079,29891
40081,16933
40083,22067
40085,5901
40087,22625
40089,21045
40091,11478
40093,3939
40095,8746
40097,16598
40099,10124
40101,27528
40103,5689
40105,2678
40107,5763
40109,350091
40111,20998
40113,21643
40115,19735
40117,7517
40119,62306
40121,26412
40123,28570
40125,40444
40127,6938
40129,1929
40131,49307
40133,13650
40135,33532
40137,25647
40139,19876
40141,3295
40143,307617
40145,29778
40147,16408
40149,5262
40151,5498
40153,14432
41001,10098
41003,48456
41005,183590
41007,23302
41009,28312
41011,40670
41013,9093
41015,16670
41017,141071
41019,66051
41021,1640
41023,4648
41025,5605
41027,7230
41029,125318
41031,16006
41033,48987
41035,39614
41037,4992
41039,174263
41041,31577
41043,70430
41045,18164
41047,102062
41049,10888
41051,388772
41053,31803
41055,1404
41057,21190
41059,43275
41061,15625
41063,4079
41065,13368
41067,268603
41069,1793
41071,47922
42001,34102
42003,667166
42005,31334
42007,77618
42009,26999
42011,219087
42013,69598
42015,31486
42017,152767
42019,91173
42021,66666
42023,2519
42025,32206
42027,96428
42029,267257
42031,17178
42033,38762
42035,20055
42037,35125
42039,38952
42041,142576
42043,176757
42045,277130
42047,16981
42049,164700
42051,66012
42053,3447
42055,76806
42057,7267
42059,18544
42061,20889
42063,36452
42065,20070
42067,11162
42069,119979
42071,156892
42073,36062
42075,69525
42077,212008
42079,164504
42081,62884
42083,23946
42085,48402
42087,26457
42089,85900
42091,224080
42093,12181
42095,161848
42097,46261
42099,21128
42101,802812
42103,19414
42105,9352
42107,74362
42109,21359
42111,34025
42113,3290
42115,18031
42117,22387
42119,28701
42121,26075
42123,22413
42125,113196
42127,25764
42129,188408
42131,12422
42133,195191
44001,33839
44003,120795
44005,62021
44007,242599
44009,48730
45001,9846
45003,79309
45005,4639
45007,101520
45009,8728
45011,10628
45013,127289
45015,162211
45017,9147
45019,231046
45021,39741
45023,20548
45025,16153
45027,17809
45029,20355
45031,19211
45033,10099
45035,73269
45037,12717
45039,13983
45041,54564
45043,46010
45045,208040
45047,40695
45049,8886
45051,259189
45053,17702
45055,43198
45057,52274
45059,71549
45061,5675
45063,165904
45065,4091
45067,8497
45069,14959
45071,23376
45073,40425
45075,58624
45077,74039
45079,227559
45081,11824
45083,147558
45085,42515
45087,21940
45089,21455
45091,173488
46003,1368
46005,9787
46007,715
46009,2917
46011,19030
46013,19238
46015,2837
46017,592
46019,4717
46021,576
46023,4915
46025,1587
46027,8444
46029,24302
46031,1975
46033,4481
46035,11593
46037,4051
46039,1505
46041,4866
46043,1745
46045,2191
46047,4055
46049,1168
46051,3124
46053,2673
46055,1375
46057,2187
46059,1991
46061,1960
46063,403
46065,14362
46067,5650
46069,615
46071,915
46073,1049
46075,697
46077,2587
46079,8064
46081,15540
46083,31561
46085,2969
46087,3102
46089,1223
46091,2509
46093,14286
46095,403
46097,1069
46099,91940
46101,3517
46102,4164
46103,68130
46105,890
46107,1138
46109,4096
46111,1463
46115,3353
46117,2520
46119,681
46121,2194
46123,4744
46125,4964
46127,3359
46129,2370
46135,11940
46137,1374
47001,42752
47003,28282
47005,10355
47007,7566
47009,70519
47011,54499
47013,22286
47015,5893
47017,15731
47019,30689
47021,15430
47023,5853
47025,21378
47027,4055
47029,18729
47031,33033
47033,6207
47035,36171
47037,359052
47039,7248
47041,10381
47043,28739
47045,19619
47047,22058
47049,10685
47051,22923
47053,28041
47055,16388
47057,12567
47059,39858
47061,7160
47063,38657
47065,187870
47067,4277
47069,12774
47071,16307
47073,26527
47075,9744
47077,16597
47079,22032
47081,12081
47083,4418
47085,10689
47087,4827
47089,32422
47091,9654
47093,244081
47095,2815
47097,12264
47099,21174
47101,6968
47103,18299
47105,27681
47107,30371
47109,15967
47111,13771
47113,61454
47115,15729
47117,18320
47119,47612
47121,6967
47123,32868
47125,119925
47127,3269
47129,9954
47131,17708
47133,10102
47135,4615
47137,2876
47139,9762
47141,50117
47143,17177
47145,27008
47147,31945
47149,157588
47151,11850
47153,8785
47155,71320
47157,422904
47159,8588
47161,5144
47163,69352
47165,85061
47167,21417
47169,5242
47171,12248
47173,9474
47175,2866
47177,23916
47179,86325
47181,8749
47183,19884
47185,13365
47187,123583
47189,67214
48001,29000
48003,12620
48005,47178
48007,11991
48009,3386
48011,452
48013,18992
48015,9780
48017,4857
48019,1495
48021,17828
48023,1527
48025,10187
48027,171225
48029,1024586
48031,5297
48033,408
48035,7389
48037,116979
48039,144164
48041,73982
48043,222
48045,589
48047,3092
48049,26881
48051,2155
48053,13537
48055,21268
48057,11203
48059,3779
48061,262299
48063,5954
48065,4187
48067,15244
48069,5080
48071,26381
48073,29708
48075,2451
48077,4905
48079,1637
48081,1487
48083,4018
48085,417242
48087,1249
48089,8146
48091,91334
48093,7336
48095,1545
48097,16852
48099,26485
48101,712
48103,6157
48105,383
48107,2609
48109,1000
48111,1292
48113,948355
48115,8173
48117,12107
48119,3228
48121,332707
48123,11595
48125,917
48127,3368
48129,1704
48131,4633
48133,9278
48135,156481
48137,424
48139,80952
48141,349484
48143,24280
48145,4156
48147,13643
48149,3732
48151,2246
48153,2808
48155,354
48157,694780
48159,5481
48161,8915
48163,7146
48165,13871
48167,144421
48169,2693
48171,17022
48173,931
48175,2269
48177,6999
48179,7103
48181,52508
48183,64306
48185,3131
48187,97083
48189,15402
48191,1741
48193,1841
48195,1398
48197,1110
48199,12194
48201,1827686
48203,50385
48205,1077
48207,1529
48209,71175
48211,1189
48213,55808
48215,753680
48217,13365
48219,10853
48221,27365
48223,21115
48225,11682
48227,43808
48229,1141
48231,45067
48233,6978
48235,969
48237,3594
48239,6090
48241,15308
48243,44
48245,51659
48247,2958
48249,17612
48251,76674
48253,5201
48255,5783
48257,74765
48259,21038
48261,233
48263,346
48265,39842
48267,2099
48269,119
48271,1193
48273,20728
48275,551
48277,27882
48279,8331
48281,11425
48283,2749
48285,2165
48287,2223
48289,7489
48291,44189
48293,4241
48295,1445
48297,3562
48299,9838
48301,170
48303,222871
48305,2405
48307,7593
48309,101960
48311,217
48313,2203
48315,5005
48317,3861
48319,2818
48321,17119
48323,29327
48325,15806
48327,1142
48329,164550
48331,8681
48333,3489
48335,4856
48337,8303
48339,230040
48341,6456
48343,6447
48345,556
48347,40989
48349,41267
48351,4202
48353,8654
48355,162267
48357,4973
48359,948
48361,19786
48363,11965
48365,13869
48367,87476
48369,7651
48371,1846
48373,11122
48375,38898
48377,131
48379,5322
48381,34619
48383,2148
48385,1239
48387,7161
48389,1724
48391,3401
48393,281
48395,2755
48397,77029
48399,1920
48401,26571
48403,5026
48405,5144
48407,5355
48409,35667
48411,3729
48413,507
48415,15125
48417,1803
48419,14484
48421,643
48423,129054
48425,5351
48427,31014
48429,4777
48431,1197
48433,453
48435,787
48437,2662
48439,1040761
48441,18703
48443,70
48445,4311
48447,582
48449,16993
48451,58381
48453,641926
48455,6541
48457,4478
48459,18224
48461,2542
48463,8418
48465,18757
48467,23878
48469,49048
48471,16570
48473,18532
48475,8555
48477,12824
48479,110210
48481,23775
48483,2320
48485,90763
48487,7359
48489,11642
48491,299583
48493,33619
48495,5476
48497,27602
48499,16030
48501,3573
48503,9166
48505,8025
48507,67532
49001,1434
49003,23064
49005,49744
49007,3849
49009,2063
49011,129095
49013,6214
49015,3853
49017,4065
49019,3998
49021,26673
49023,1654
49025,6751
49027,4388
49029,2901
49031,643
49033,980
49035,494047
49037,5137
49039,4998
49041,8108
49043,18106
49045,28885
49047,11374
49049,239289
49051,19626
49053,78883
49055,2123
49057,103528
50001,17215
50003,23874
50005,17476
50007,113089
50009,2162
50011,24391
50013,2040
50015,17497
50017,17755
50019,12150
50021,37828
50023,41387
50025,15121
50027,38107
51001,26528
51003,45280
51005,3740
51007,5545
51009,18016
51011,6686
51013,111055
51015,32642
51017,3010
51019,47929
51021,3556
51023,10626
51025,7778
51027,12760
51029,5391
51031,29450
51033,14714
51035,16812
51036,2516
51037,5148
51041,155017
51043,7589
51045,1256
51047,27716
51049,3604
51051,8563
51053,12472
51057,5226
51059,513143
51061,31801
51063,8655
51065,7390
51067,32464
51069,45160
51071,5569
51073,15330
51075,12608
51077,8137
51079,10381
51081,5788
51083,15791
51085,49633
51087,150139
51089,26850
51091,1392
51093,10757
51095,32899
51097,2679
51099,13848
51101,8030
51103,5333
51105,7474
51107,187874
51109,16334
51111,4827
51113,6952
51115,3233
51117,17640
51119,4296
51121,32573
51125,5606
51127,8920
51131,9762
51133,5466
51135,6864
51137,18484
51139,9423
51141,10828
51143,29827
51145,12936
51147,10853
51149,22790
51153,225231
51155,12413
51157,3687
51159,4030
51161,31398
51163,11617
51165,34838
51167,15440
51169,11959
51171,18066
51173,18737
51175,4783
51177,62155
51179,67741
51181,2816
51183,4419
51185,21376
51187,23404
51191,32558
51193,8013
51195,3750
51197,17849
51199,28029
51510,67166
51520,10057
51530,1
51540,20605
51550,104567
51570,8524
51580,2882
51590,56266
51595,2639
51600,12701
51610,6786
51620,5397
51630,14939
51640,5393
51650,58889
51660,19411
51670,9904
51678,16
51680,59258
51683,26009
51685,8015
51690,4573
51700,84935
51710,116644
51730,14894
51735,4482
51740,43205
51750,1997
51760,112565
51770,71375
51775,13871
51790,11216
51800,26940
51810,190947
51820,6
51830,8943
51840,15282
53001,14910
53003,20797
53005,80351
53007,50456
53009,43726
53011,210595
53013,1960
53015,50751
53017,15754
53019,5807
53021,32734
53023,968
53025,50667
53027,42914
53029,87196
53031,27322
53033,963744
53035,126242
53037,21055
53039,12711
53041,53919
53043,6307
53045,37529
53047,24937
53049,17495
53051,9346
53053,190282
53055,15569
53057,62216
53059,6101
53061,638029
53063,217351
53065,30671
53067,141017
53069,1
53071,30050
53073,56747
53075,47409
53077,120501
54001,8857
54003,68862
54005,13090
54007,7157
54009,14520
54011,66139
54013,3500
54015,2463
54017,3891
54019,23870
54021,4601
54023,5906
54025,20087
54027,11760
54029,17028
54031,8586
54033,42198
54035,16850
54037,30664
54039,65999
54041,10377
54043,11820
54045,20670
54047,11336
54049,33284
54051,20592
54053,14979
54055,38077
54057,15215
54059,14433
54061,66283
54063,3829
54065,8772
54067,14725
54069,32858
54071,3221
54073,4505
54075,4599
54077,18977
54079,35147
54081,25284
54083,16901
54085,4984
54087,8158
54089,6622
54091,8762
54093,4027
54095,4787
54097,14393
54099,22995
54101,4673
54103,9256
54105,2813
54107,52414
54109,6856
55001,20787
55003,6345
55005,29231
55007,6473
55009,201743
55011,5936
55013,9409
55015,17941
55017,31538
55019,15996
55021,53762
55023,5637
55025,295516
55027,29757
55029,26534
55031,29088
55033,24888
55035,55392
55037,2842
55039,89727
55041,6340
55043,7428
55045,13290
55047,16499
55049,9067
55051,2123
55053,14991
55055,34512
55057,15444
55059,105140
55061,14371
55063,37410
55065,4085
55067,14062
55069,15797
55071,47882
55073,80598
55075,29899
55077,8847
55078,4260
55079,594641
55081,18029
55083,26761
55085,22258
55087,58508
55089,34422
55091,3918
55093,16786
55095,33361
55097,27174
55099,10185
55101,115015
55103,8020
55105,56401
55107,10344
55109,31550
55111,60955
55113,13024
55115,31418
55117,25546
55119,12558
55121,14810
55123,12813
55125,9284
55127,45649
55129,8409
55131,34303
55133,143177
55135,23619
55137,21071
55139,74573
55141,46818
56001,23303
56003,3930
56005,28060
56007,10767
56009,7624
56011,4545
56013,26823
56015,3896
56017,2310
56019,5448
56021,52987
56023,12820
56025,47992
56027,4
56029,14005
56033,17618
56035,5123
56037,25475
56039,18592
56041,12368
56043,265
56045,3933
60010,4094
60020,392
60040,1
60050,7841
66020,1123
66030,1321
66040,767
66050,4079
66060,2133
66070,12718
66075,1198
66080,777
66090,4959
66100,361
66110,1729
66120,748
66130,1541
66140,908
66150,1265
66160,8528
66170,156
66180,5633
66190,2323
72001,7831
72003,16432
72005,26715
72007,10130
72009,11424
72011,11137
72013,41122
72015,6741
72017,11155
72019,13015
72021,84684
72023,19881
72025,58033
72027,13782
72029,16791
72031,68476
72033,11434
72035,18949
72037,4835
72039,7222
72041,16252
72043,14804
72045,7928
72047,14847
72049,726
72051,15277
72053,14960
72054,4936
72055,5848
72057,16796
72059,7527
72061,45396
72063,19062
72065,16773
72067,6332
72069,24393
72071,18860
72073,6583
72075,19163
72077,16338
72079,10156
72081,12391
72083,3665
72085,15048
72087,9045
72089,7113
72091,19533
72093,2163
72095,4457
72097,37395
72099,16014
72101,11977
72103,9148
72105,13043
72107,9503
72109,6680
72111,8266
72113,65292
72115,10158
72117,6419
72119,19108
72121,9933
72123,11334
72125,14315
72127,184505
72129,15738
72131,17482
72133,9132
72135,24763
72137,30025
72139,25902
72141,12450
72143,15234
72145,24330
72147,3611
72149,9433
72151,12660
72153,15251
78010,30899
78020,2683
78030,22725
Grand Total,154451840